nn4sys,vnncomp2022/benchmarks/nn4sys/onnx/pensieve_mid_simple.onnx,vnncomp2022/benchmarks/nn4sys/vnnlib/pensieve_simple_0.vnnlib,.642914019,prepare_instance_error_1,-1
nn4sys,vnncomp2022/benchmarks/nn4sys/onnx/pensieve_mid_simple.onnx,vnncomp2022/benchmarks/nn4sys/vnnlib/pensieve_simple_1.vnnlib,.522692811,prepare_instance_error_1,-1
nn4sys,vnncomp2022/benchmarks/nn4sys/onnx/pensieve_small_simple.onnx,vnncomp2022/benchmarks/nn4sys/vnnlib/pensieve_simple_2.vnnlib,.548165703,prepare_instance_error_1,-1
nn4sys,vnncomp2022/benchmarks/nn4sys/onnx/pensieve_mid_simple.onnx,vnncomp2022/benchmarks/nn4sys/vnnlib/pensieve_simple_3.vnnlib,.518959338,prepare_instance_error_1,-1
nn4sys,vnncomp2022/benchmarks/nn4sys/onnx/pensieve_small_simple.onnx,vnncomp2022/benchmarks/nn4sys/vnnlib/pensieve_simple_4.vnnlib,.822624072,prepare_instance_error_1,-1
nn4sys,vnncomp2022/benchmarks/nn4sys/onnx/pensieve_small_parallel.onnx,vnncomp2022/benchmarks/nn4sys/vnnlib/pensieve_parallel_5.vnnlib,.625437320,prepare_instance_error_1,-1
nn4sys,vnncomp2022/benchmarks/nn4sys/onnx/pensieve_big_parallel.onnx,vnncomp2022/benchmarks/nn4sys/vnnlib/pensieve_parallel_6.vnnlib,.655394476,prepare_instance_error_1,-1
nn4sys,vnncomp2022/benchmarks/nn4sys/onnx/pensieve_mid_simple.onnx,vnncomp2022/benchmarks/nn4sys/vnnlib/pensieve_simple_7.vnnlib,.576983143,prepare_instance_error_1,-1
nn4sys,vnncomp2022/benchmarks/nn4sys/onnx/pensieve_big_parallel.onnx,vnncomp2022/benchmarks/nn4sys/vnnlib/pensieve_parallel_8.vnnlib,.592171579,prepare_instance_error_1,-1
nn4sys,vnncomp2022/benchmarks/nn4sys/onnx/pensieve_small_simple.onnx,vnncomp2022/benchmarks/nn4sys/vnnlib/pensieve_simple_9.vnnlib,.550060271,prepare_instance_error_1,-1
nn4sys,vnncomp2022/benchmarks/nn4sys/onnx/pensieve_big_parallel.onnx,vnncomp2022/benchmarks/nn4sys/vnnlib/pensieve_parallel_10.vnnlib,.574936925,prepare_instance_error_1,-1
nn4sys,vnncomp2022/benchmarks/nn4sys/onnx/pensieve_mid_simple.onnx,vnncomp2022/benchmarks/nn4sys/vnnlib/pensieve_simple_11.vnnlib,.558712794,prepare_instance_error_1,-1
nn4sys,vnncomp2022/benchmarks/nn4sys/onnx/pensieve_small_simple.onnx,vnncomp2022/benchmarks/nn4sys/vnnlib/pensieve_simple_12.vnnlib,.564298253,prepare_instance_error_1,-1
nn4sys,vnncomp2022/benchmarks/nn4sys/onnx/pensieve_small_simple.onnx,vnncomp2022/benchmarks/nn4sys/vnnlib/pensieve_simple_13.vnnlib,.548780033,prepare_instance_error_1,-1
nn4sys,vnncomp2022/benchmarks/nn4sys/onnx/pensieve_big_parallel.onnx,vnncomp2022/benchmarks/nn4sys/vnnlib/pensieve_parallel_14.vnnlib,.641751123,prepare_instance_error_1,-1
nn4sys,vnncomp2022/benchmarks/nn4sys/onnx/pensieve_small_simple.onnx,vnncomp2022/benchmarks/nn4sys/vnnlib/pensieve_simple_15.vnnlib,.538561529,prepare_instance_error_1,-1
nn4sys,vnncomp2022/benchmarks/nn4sys/onnx/pensieve_big_parallel.onnx,vnncomp2022/benchmarks/nn4sys/vnnlib/pensieve_parallel_16.vnnlib,.599783378,prepare_instance_error_1,-1
nn4sys,vnncomp2022/benchmarks/nn4sys/onnx/pensieve_mid_simple.onnx,vnncomp2022/benchmarks/nn4sys/vnnlib/pensieve_simple_17.vnnlib,.613091987,prepare_instance_error_1,-1
nn4sys,vnncomp2022/benchmarks/nn4sys/onnx/pensieve_small_simple.onnx,vnncomp2022/benchmarks/nn4sys/vnnlib/pensieve_simple_18.vnnlib,.566391595,prepare_instance_error_1,-1
nn4sys,vnncomp2022/benchmarks/nn4sys/onnx/pensieve_small_simple.onnx,vnncomp2022/benchmarks/nn4sys/vnnlib/pensieve_simple_19.vnnlib,.587905780,prepare_instance_error_1,-1
nn4sys,vnncomp2022/benchmarks/nn4sys/onnx/pensieve_small_simple.onnx,vnncomp2022/benchmarks/nn4sys/vnnlib/pensieve_simple_20.vnnlib,.606311611,prepare_instance_error_1,-1
nn4sys,vnncomp2022/benchmarks/nn4sys/onnx/pensieve_big_simple.onnx,vnncomp2022/benchmarks/nn4sys/vnnlib/pensieve_simple_21.vnnlib,.635196422,prepare_instance_error_1,-1
nn4sys,vnncomp2022/benchmarks/nn4sys/onnx/pensieve_small_simple.onnx,vnncomp2022/benchmarks/nn4sys/vnnlib/pensieve_simple_22.vnnlib,.535199741,prepare_instance_error_1,-1
nn4sys,vnncomp2022/benchmarks/nn4sys/onnx/pensieve_big_parallel.onnx,vnncomp2022/benchmarks/nn4sys/vnnlib/pensieve_parallel_23.vnnlib,.571582748,prepare_instance_error_1,-1
nn4sys,vnncomp2022/benchmarks/nn4sys/onnx/pensieve_small_parallel.onnx,vnncomp2022/benchmarks/nn4sys/vnnlib/pensieve_parallel_24.vnnlib,.595022771,prepare_instance_error_1,-1
nn4sys,vnncomp2022/benchmarks/nn4sys/onnx/pensieve_mid_simple.onnx,vnncomp2022/benchmarks/nn4sys/vnnlib/pensieve_simple_25.vnnlib,.557730162,prepare_instance_error_1,-1
nn4sys,vnncomp2022/benchmarks/nn4sys/onnx/pensieve_big_parallel.onnx,vnncomp2022/benchmarks/nn4sys/vnnlib/pensieve_parallel_26.vnnlib,.564509848,prepare_instance_error_1,-1
nn4sys,vnncomp2022/benchmarks/nn4sys/onnx/pensieve_mid_simple.onnx,vnncomp2022/benchmarks/nn4sys/vnnlib/pensieve_simple_27.vnnlib,.533326335,prepare_instance_error_1,-1
nn4sys,vnncomp2022/benchmarks/nn4sys/onnx/pensieve_small_parallel.onnx,vnncomp2022/benchmarks/nn4sys/vnnlib/pensieve_parallel_28.vnnlib,.519795043,prepare_instance_error_1,-1
nn4sys,vnncomp2022/benchmarks/nn4sys/onnx/pensieve_small_simple.onnx,vnncomp2022/benchmarks/nn4sys/vnnlib/pensieve_simple_29.vnnlib,.521668869,prepare_instance_error_1,-1
nn4sys,vnncomp2022/benchmarks/nn4sys/onnx/pensieve_small_simple.onnx,vnncomp2022/benchmarks/nn4sys/vnnlib/pensieve_simple_30.vnnlib,.546096746,prepare_instance_error_1,-1
nn4sys,vnncomp2022/benchmarks/nn4sys/onnx/pensieve_mid_simple.onnx,vnncomp2022/benchmarks/nn4sys/vnnlib/pensieve_simple_31.vnnlib,.514834603,prepare_instance_error_1,-1
nn4sys,vnncomp2022/benchmarks/nn4sys/onnx/pensieve_big_simple.onnx,vnncomp2022/benchmarks/nn4sys/vnnlib/pensieve_simple_32.vnnlib,.548378520,prepare_instance_error_1,-1
nn4sys,vnncomp2022/benchmarks/nn4sys/onnx/pensieve_big_simple.onnx,vnncomp2022/benchmarks/nn4sys/vnnlib/pensieve_simple_33.vnnlib,.572556251,prepare_instance_error_1,-1
nn4sys,vnncomp2022/benchmarks/nn4sys/onnx/pensieve_big_simple.onnx,vnncomp2022/benchmarks/nn4sys/vnnlib/pensieve_simple_34.vnnlib,.576771333,prepare_instance_error_1,-1
nn4sys,vnncomp2022/benchmarks/nn4sys/onnx/pensieve_big_parallel.onnx,vnncomp2022/benchmarks/nn4sys/vnnlib/pensieve_parallel_35.vnnlib,.582681687,prepare_instance_error_1,-1
nn4sys,vnncomp2022/benchmarks/nn4sys/onnx/pensieve_big_parallel.onnx,vnncomp2022/benchmarks/nn4sys/vnnlib/pensieve_parallel_36.vnnlib,.586255808,prepare_instance_error_1,-1
nn4sys,vnncomp2022/benchmarks/nn4sys/onnx/pensieve_big_parallel.onnx,vnncomp2022/benchmarks/nn4sys/vnnlib/pensieve_parallel_37.vnnlib,.564386987,prepare_instance_error_1,-1
nn4sys,vnncomp2022/benchmarks/nn4sys/onnx/pensieve_big_parallel.onnx,vnncomp2022/benchmarks/nn4sys/vnnlib/pensieve_parallel_38.vnnlib,.564837173,prepare_instance_error_1,-1
nn4sys,vnncomp2022/benchmarks/nn4sys/onnx/pensieve_big_parallel.onnx,vnncomp2022/benchmarks/nn4sys/vnnlib/pensieve_parallel_39.vnnlib,.567958708,prepare_instance_error_1,-1
nn4sys,vnncomp2022/benchmarks/nn4sys/onnx/pensieve_big_parallel.onnx,vnncomp2022/benchmarks/nn4sys/vnnlib/pensieve_parallel_40.vnnlib,.570071298,prepare_instance_error_1,-1
nn4sys,vnncomp2022/benchmarks/nn4sys/onnx/pensieve_big_parallel.onnx,vnncomp2022/benchmarks/nn4sys/vnnlib/pensieve_parallel_41.vnnlib,.564790733,prepare_instance_error_1,-1
nn4sys,vnncomp2022/benchmarks/nn4sys/onnx/pensieve_big_parallel.onnx,vnncomp2022/benchmarks/nn4sys/vnnlib/pensieve_parallel_42.vnnlib,.589959090,prepare_instance_error_1,-1
nn4sys,vnncomp2022/benchmarks/nn4sys/onnx/pensieve_big_parallel.onnx,vnncomp2022/benchmarks/nn4sys/vnnlib/pensieve_parallel_43.vnnlib,.557983586,prepare_instance_error_1,-1
nn4sys,vnncomp2022/benchmarks/nn4sys/onnx/pensieve_big_parallel.onnx,vnncomp2022/benchmarks/nn4sys/vnnlib/pensieve_parallel_44.vnnlib,.545859823,prepare_instance_error_1,-1
nn4sys,vnncomp2022/benchmarks/nn4sys/onnx/pensieve_big_parallel.onnx,vnncomp2022/benchmarks/nn4sys/vnnlib/pensieve_parallel_45.vnnlib,.545237106,prepare_instance_error_1,-1
nn4sys,vnncomp2022/benchmarks/nn4sys/onnx/pensieve_big_parallel.onnx,vnncomp2022/benchmarks/nn4sys/vnnlib/pensieve_parallel_46.vnnlib,.577574256,prepare_instance_error_1,-1
nn4sys,vnncomp2022/benchmarks/nn4sys/onnx/pensieve_big_parallel.onnx,vnncomp2022/benchmarks/nn4sys/vnnlib/pensieve_parallel_47.vnnlib,.585180154,prepare_instance_error_1,-1
nn4sys,vnncomp2022/benchmarks/nn4sys/onnx/pensieve_big_parallel.onnx,vnncomp2022/benchmarks/nn4sys/vnnlib/pensieve_parallel_48.vnnlib,.618575627,prepare_instance_error_1,-1
nn4sys,vnncomp2022/benchmarks/nn4sys/onnx/pensieve_big_parallel.onnx,vnncomp2022/benchmarks/nn4sys/vnnlib/pensieve_parallel_49.vnnlib,.686880529,prepare_instance_error_1,-1
nn4sys,vnncomp2022/benchmarks/nn4sys/onnx/pensieve_big_parallel.onnx,vnncomp2022/benchmarks/nn4sys/vnnlib/pensieve_parallel_50.vnnlib,.647829273,prepare_instance_error_1,-1
nn4sys,vnncomp2022/benchmarks/nn4sys/onnx/pensieve_big_parallel.onnx,vnncomp2022/benchmarks/nn4sys/vnnlib/pensieve_parallel_51.vnnlib,.583284996,prepare_instance_error_1,-1
nn4sys,vnncomp2022/benchmarks/nn4sys/onnx/pensieve_big_parallel.onnx,vnncomp2022/benchmarks/nn4sys/vnnlib/pensieve_parallel_52.vnnlib,.610670796,prepare_instance_error_1,-1
nn4sys,vnncomp2022/benchmarks/nn4sys/onnx/pensieve_big_parallel.onnx,vnncomp2022/benchmarks/nn4sys/vnnlib/pensieve_parallel_53.vnnlib,.594484156,prepare_instance_error_1,-1
nn4sys,vnncomp2022/benchmarks/nn4sys/onnx/pensieve_big_parallel.onnx,vnncomp2022/benchmarks/nn4sys/vnnlib/pensieve_parallel_54.vnnlib,.644633349,prepare_instance_error_1,-1
nn4sys,vnncomp2022/benchmarks/nn4sys/onnx/pensieve_big_parallel.onnx,vnncomp2022/benchmarks/nn4sys/vnnlib/pensieve_parallel_55.vnnlib,.563727049,prepare_instance_error_1,-1
nn4sys,vnncomp2022/benchmarks/nn4sys/onnx/pensieve_big_parallel.onnx,vnncomp2022/benchmarks/nn4sys/vnnlib/pensieve_parallel_56.vnnlib,.542831333,prepare_instance_error_1,-1
nn4sys,vnncomp2022/benchmarks/nn4sys/onnx/pensieve_big_parallel.onnx,vnncomp2022/benchmarks/nn4sys/vnnlib/pensieve_parallel_57.vnnlib,.538079575,prepare_instance_error_1,-1
nn4sys,vnncomp2022/benchmarks/nn4sys/onnx/pensieve_big_parallel.onnx,vnncomp2022/benchmarks/nn4sys/vnnlib/pensieve_parallel_58.vnnlib,.546897661,prepare_instance_error_1,-1
nn4sys,vnncomp2022/benchmarks/nn4sys/onnx/pensieve_big_parallel.onnx,vnncomp2022/benchmarks/nn4sys/vnnlib/pensieve_parallel_59.vnnlib,.563142390,prepare_instance_error_1,-1
nn4sys,vnncomp2022/benchmarks/nn4sys/onnx/pensieve_big_parallel.onnx,vnncomp2022/benchmarks/nn4sys/vnnlib/pensieve_parallel_60.vnnlib,.566688352,prepare_instance_error_1,-1
nn4sys,vnncomp2022/benchmarks/nn4sys/onnx/pensieve_big_parallel.onnx,vnncomp2022/benchmarks/nn4sys/vnnlib/pensieve_parallel_61.vnnlib,.564088403,prepare_instance_error_1,-1
nn4sys,vnncomp2022/benchmarks/nn4sys/onnx/pensieve_big_parallel.onnx,vnncomp2022/benchmarks/nn4sys/vnnlib/pensieve_parallel_62.vnnlib,.553750228,prepare_instance_error_1,-1
nn4sys,vnncomp2022/benchmarks/nn4sys/onnx/pensieve_big_parallel.onnx,vnncomp2022/benchmarks/nn4sys/vnnlib/pensieve_parallel_63.vnnlib,.560211000,prepare_instance_error_1,-1
nn4sys,vnncomp2022/benchmarks/nn4sys/onnx/pensieve_big_parallel.onnx,vnncomp2022/benchmarks/nn4sys/vnnlib/pensieve_parallel_64.vnnlib,.582797700,prepare_instance_error_1,-1
nn4sys,vnncomp2022/benchmarks/nn4sys/onnx/pensieve_big_parallel.onnx,vnncomp2022/benchmarks/nn4sys/vnnlib/pensieve_parallel_65.vnnlib,.567396863,prepare_instance_error_1,-1
nn4sys,vnncomp2022/benchmarks/nn4sys/onnx/pensieve_big_parallel.onnx,vnncomp2022/benchmarks/nn4sys/vnnlib/pensieve_parallel_66.vnnlib,.566999087,prepare_instance_error_1,-1
nn4sys,vnncomp2022/benchmarks/nn4sys/onnx/pensieve_big_parallel.onnx,vnncomp2022/benchmarks/nn4sys/vnnlib/pensieve_parallel_67.vnnlib,.556736790,prepare_instance_error_1,-1
nn4sys,vnncomp2022/benchmarks/nn4sys/onnx/pensieve_big_parallel.onnx,vnncomp2022/benchmarks/nn4sys/vnnlib/pensieve_parallel_68.vnnlib,.571463880,prepare_instance_error_1,-1
nn4sys,vnncomp2022/benchmarks/nn4sys/onnx/pensieve_big_parallel.onnx,vnncomp2022/benchmarks/nn4sys/vnnlib/pensieve_parallel_69.vnnlib,.559087694,prepare_instance_error_1,-1
nn4sys,vnncomp2022/benchmarks/nn4sys/onnx/pensieve_big_parallel.onnx,vnncomp2022/benchmarks/nn4sys/vnnlib/pensieve_parallel_70.vnnlib,.546349784,prepare_instance_error_1,-1
nn4sys,vnncomp2022/benchmarks/nn4sys/onnx/pensieve_big_parallel.onnx,vnncomp2022/benchmarks/nn4sys/vnnlib/pensieve_parallel_71.vnnlib,.557780006,prepare_instance_error_1,-1
nn4sys,vnncomp2022/benchmarks/nn4sys/onnx/pensieve_big_parallel.onnx,vnncomp2022/benchmarks/nn4sys/vnnlib/pensieve_parallel_72.vnnlib,.562603835,prepare_instance_error_1,-1
nn4sys,vnncomp2022/benchmarks/nn4sys/onnx/pensieve_big_parallel.onnx,vnncomp2022/benchmarks/nn4sys/vnnlib/pensieve_parallel_73.vnnlib,.546012768,prepare_instance_error_1,-1
nn4sys,vnncomp2022/benchmarks/nn4sys/onnx/pensieve_big_parallel.onnx,vnncomp2022/benchmarks/nn4sys/vnnlib/pensieve_parallel_74.vnnlib,.553395343,prepare_instance_error_1,-1
nn4sys,vnncomp2022/benchmarks/nn4sys/onnx/pensieve_big_parallel.onnx,vnncomp2022/benchmarks/nn4sys/vnnlib/pensieve_parallel_75.vnnlib,.529372922,prepare_instance_error_1,-1
nn4sys,vnncomp2022/benchmarks/nn4sys/onnx/pensieve_big_parallel.onnx,vnncomp2022/benchmarks/nn4sys/vnnlib/pensieve_parallel_76.vnnlib,.535956045,prepare_instance_error_1,-1
nn4sys,vnncomp2022/benchmarks/nn4sys/onnx/pensieve_big_parallel.onnx,vnncomp2022/benchmarks/nn4sys/vnnlib/pensieve_parallel_77.vnnlib,.570370516,prepare_instance_error_1,-1
nn4sys,vnncomp2022/benchmarks/nn4sys/onnx/pensieve_big_parallel.onnx,vnncomp2022/benchmarks/nn4sys/vnnlib/pensieve_parallel_78.vnnlib,.536313382,prepare_instance_error_1,-1
nn4sys,vnncomp2022/benchmarks/nn4sys/onnx/pensieve_big_parallel.onnx,vnncomp2022/benchmarks/nn4sys/vnnlib/pensieve_parallel_79.vnnlib,.548699327,prepare_instance_error_1,-1
nn4sys,vnncomp2022/benchmarks/nn4sys/onnx/pensieve_big_parallel.onnx,vnncomp2022/benchmarks/nn4sys/vnnlib/pensieve_parallel_80.vnnlib,.560758759,prepare_instance_error_1,-1
nn4sys,vnncomp2022/benchmarks/nn4sys/onnx/pensieve_big_parallel.onnx,vnncomp2022/benchmarks/nn4sys/vnnlib/pensieve_parallel_81.vnnlib,.550836578,prepare_instance_error_1,-1
nn4sys,vnncomp2022/benchmarks/nn4sys/onnx/pensieve_big_parallel.onnx,vnncomp2022/benchmarks/nn4sys/vnnlib/pensieve_parallel_82.vnnlib,.550087577,prepare_instance_error_1,-1
nn4sys,vnncomp2022/benchmarks/nn4sys/onnx/pensieve_big_parallel.onnx,vnncomp2022/benchmarks/nn4sys/vnnlib/pensieve_parallel_83.vnnlib,.548626156,prepare_instance_error_1,-1
nn4sys,vnncomp2022/benchmarks/nn4sys/onnx/pensieve_big_parallel.onnx,vnncomp2022/benchmarks/nn4sys/vnnlib/pensieve_parallel_84.vnnlib,.547485561,prepare_instance_error_1,-1
nn4sys,vnncomp2022/benchmarks/nn4sys/onnx/pensieve_big_parallel.onnx,vnncomp2022/benchmarks/nn4sys/vnnlib/pensieve_parallel_85.vnnlib,.573111344,prepare_instance_error_1,-1
nn4sys,vnncomp2022/benchmarks/nn4sys/onnx/pensieve_big_parallel.onnx,vnncomp2022/benchmarks/nn4sys/vnnlib/pensieve_parallel_86.vnnlib,.620613140,prepare_instance_error_1,-1
nn4sys,vnncomp2022/benchmarks/nn4sys/onnx/pensieve_big_parallel.onnx,vnncomp2022/benchmarks/nn4sys/vnnlib/pensieve_parallel_87.vnnlib,.599323768,prepare_instance_error_1,-1
nn4sys,vnncomp2022/benchmarks/nn4sys/onnx/pensieve_big_parallel.onnx,vnncomp2022/benchmarks/nn4sys/vnnlib/pensieve_parallel_88.vnnlib,.561563580,prepare_instance_error_1,-1
nn4sys,vnncomp2022/benchmarks/nn4sys/onnx/pensieve_big_parallel.onnx,vnncomp2022/benchmarks/nn4sys/vnnlib/pensieve_parallel_89.vnnlib,.604079665,prepare_instance_error_1,-1
nn4sys,vnncomp2022/benchmarks/nn4sys/onnx/pensieve_big_parallel.onnx,vnncomp2022/benchmarks/nn4sys/vnnlib/pensieve_parallel_90.vnnlib,.581487773,prepare_instance_error_1,-1
nn4sys,vnncomp2022/benchmarks/nn4sys/onnx/pensieve_big_parallel.onnx,vnncomp2022/benchmarks/nn4sys/vnnlib/pensieve_parallel_91.vnnlib,.616611674,prepare_instance_error_1,-1
nn4sys,vnncomp2022/benchmarks/nn4sys/onnx/pensieve_big_parallel.onnx,vnncomp2022/benchmarks/nn4sys/vnnlib/pensieve_parallel_92.vnnlib,.584161502,prepare_instance_error_1,-1
nn4sys,vnncomp2022/benchmarks/nn4sys/onnx/pensieve_big_parallel.onnx,vnncomp2022/benchmarks/nn4sys/vnnlib/pensieve_parallel_93.vnnlib,.610464306,prepare_instance_error_1,-1
nn4sys,vnncomp2022/benchmarks/nn4sys/onnx/pensieve_big_parallel.onnx,vnncomp2022/benchmarks/nn4sys/vnnlib/pensieve_parallel_94.vnnlib,.592047294,prepare_instance_error_1,-1
nn4sys,vnncomp2022/benchmarks/nn4sys/onnx/pensieve_big_parallel.onnx,vnncomp2022/benchmarks/nn4sys/vnnlib/pensieve_parallel_95.vnnlib,.589796972,prepare_instance_error_1,-1
nn4sys,vnncomp2022/benchmarks/nn4sys/onnx/pensieve_big_parallel.onnx,vnncomp2022/benchmarks/nn4sys/vnnlib/pensieve_parallel_96.vnnlib,.619981052,prepare_instance_error_1,-1
nn4sys,vnncomp2022/benchmarks/nn4sys/onnx/pensieve_big_parallel.onnx,vnncomp2022/benchmarks/nn4sys/vnnlib/pensieve_parallel_97.vnnlib,.588797819,prepare_instance_error_1,-1
nn4sys,vnncomp2022/benchmarks/nn4sys/onnx/pensieve_big_parallel.onnx,vnncomp2022/benchmarks/nn4sys/vnnlib/pensieve_parallel_98.vnnlib,.590089787,prepare_instance_error_1,-1
nn4sys,vnncomp2022/benchmarks/nn4sys/onnx/pensieve_big_parallel.onnx,vnncomp2022/benchmarks/nn4sys/vnnlib/pensieve_parallel_99.vnnlib,.575193526,prepare_instance_error_1,-1
nn4sys,vnncomp2022/benchmarks/nn4sys/onnx/pensieve_big_parallel.onnx,vnncomp2022/benchmarks/nn4sys/vnnlib/pensieve_parallel_100.vnnlib,.588864599,prepare_instance_error_1,-1
nn4sys,vnncomp2022/benchmarks/nn4sys/onnx/pensieve_big_parallel.onnx,vnncomp2022/benchmarks/nn4sys/vnnlib/pensieve_parallel_101.vnnlib,.559668535,prepare_instance_error_1,-1
nn4sys,vnncomp2022/benchmarks/nn4sys/onnx/pensieve_big_parallel.onnx,vnncomp2022/benchmarks/nn4sys/vnnlib/pensieve_parallel_102.vnnlib,.557380522,prepare_instance_error_1,-1
nn4sys,vnncomp2022/benchmarks/nn4sys/onnx/pensieve_big_parallel.onnx,vnncomp2022/benchmarks/nn4sys/vnnlib/pensieve_parallel_103.vnnlib,.568111106,prepare_instance_error_1,-1
nn4sys,vnncomp2022/benchmarks/nn4sys/onnx/pensieve_big_parallel.onnx,vnncomp2022/benchmarks/nn4sys/vnnlib/pensieve_parallel_104.vnnlib,.541323246,prepare_instance_error_1,-1
nn4sys,vnncomp2022/benchmarks/nn4sys/onnx/lindex.onnx,vnncomp2022/benchmarks/nn4sys/vnnlib/lindex_1.vnnlib,.852283754,prepare_instance_error_1,-1
nn4sys,vnncomp2022/benchmarks/nn4sys/onnx/lindex_deep.onnx,vnncomp2022/benchmarks/nn4sys/vnnlib/lindex_1.vnnlib,1.154241087,prepare_instance_error_1,-1
nn4sys,vnncomp2022/benchmarks/nn4sys/onnx/lindex.onnx,vnncomp2022/benchmarks/nn4sys/vnnlib/lindex_200.vnnlib,.806060178,prepare_instance_error_1,-1
nn4sys,vnncomp2022/benchmarks/nn4sys/onnx/lindex_deep.onnx,vnncomp2022/benchmarks/nn4sys/vnnlib/lindex_200.vnnlib,1.130202895,prepare_instance_error_1,-1
nn4sys,vnncomp2022/benchmarks/nn4sys/onnx/lindex.onnx,vnncomp2022/benchmarks/nn4sys/vnnlib/lindex_400.vnnlib,.831498720,prepare_instance_error_1,-1
nn4sys,vnncomp2022/benchmarks/nn4sys/onnx/lindex_deep.onnx,vnncomp2022/benchmarks/nn4sys/vnnlib/lindex_400.vnnlib,1.122468426,prepare_instance_error_1,-1
nn4sys,vnncomp2022/benchmarks/nn4sys/onnx/lindex.onnx,vnncomp2022/benchmarks/nn4sys/vnnlib/lindex_600.vnnlib,.861188932,prepare_instance_error_1,-1
nn4sys,vnncomp2022/benchmarks/nn4sys/onnx/lindex_deep.onnx,vnncomp2022/benchmarks/nn4sys/vnnlib/lindex_600.vnnlib,1.193889801,prepare_instance_error_1,-1
nn4sys,vnncomp2022/benchmarks/nn4sys/onnx/lindex.onnx,vnncomp2022/benchmarks/nn4sys/vnnlib/lindex_800.vnnlib,.867082185,prepare_instance_error_1,-1
nn4sys,vnncomp2022/benchmarks/nn4sys/onnx/lindex_deep.onnx,vnncomp2022/benchmarks/nn4sys/vnnlib/lindex_800.vnnlib,1.189874345,prepare_instance_error_1,-1
nn4sys,vnncomp2022/benchmarks/nn4sys/onnx/lindex.onnx,vnncomp2022/benchmarks/nn4sys/vnnlib/lindex_1000.vnnlib,.827042098,prepare_instance_error_1,-1
nn4sys,vnncomp2022/benchmarks/nn4sys/onnx/lindex_deep.onnx,vnncomp2022/benchmarks/nn4sys/vnnlib/lindex_1000.vnnlib,1.083902929,prepare_instance_error_1,-1
nn4sys,vnncomp2022/benchmarks/nn4sys/onnx/lindex.onnx,vnncomp2022/benchmarks/nn4sys/vnnlib/lindex_3000.vnnlib,.814162115,prepare_instance_error_1,-1
nn4sys,vnncomp2022/benchmarks/nn4sys/onnx/lindex_deep.onnx,vnncomp2022/benchmarks/nn4sys/vnnlib/lindex_3000.vnnlib,1.160644830,prepare_instance_error_1,-1
nn4sys,vnncomp2022/benchmarks/nn4sys/onnx/lindex.onnx,vnncomp2022/benchmarks/nn4sys/vnnlib/lindex_5000.vnnlib,.815889268,prepare_instance_error_1,-1
nn4sys,vnncomp2022/benchmarks/nn4sys/onnx/lindex_deep.onnx,vnncomp2022/benchmarks/nn4sys/vnnlib/lindex_5000.vnnlib,1.159357194,prepare_instance_error_1,-1
nn4sys,vnncomp2022/benchmarks/nn4sys/onnx/lindex.onnx,vnncomp2022/benchmarks/nn4sys/vnnlib/lindex_7000.vnnlib,.797341556,prepare_instance_error_1,-1
nn4sys,vnncomp2022/benchmarks/nn4sys/onnx/lindex_deep.onnx,vnncomp2022/benchmarks/nn4sys/vnnlib/lindex_7000.vnnlib,1.137680575,prepare_instance_error_1,-1
nn4sys,vnncomp2022/benchmarks/nn4sys/onnx/lindex.onnx,vnncomp2022/benchmarks/nn4sys/vnnlib/lindex_9000.vnnlib,.872169210,prepare_instance_error_1,-1
nn4sys,vnncomp2022/benchmarks/nn4sys/onnx/lindex_deep.onnx,vnncomp2022/benchmarks/nn4sys/vnnlib/lindex_9000.vnnlib,1.159108820,prepare_instance_error_1,-1
nn4sys,vnncomp2022/benchmarks/nn4sys/onnx/lindex.onnx,vnncomp2022/benchmarks/nn4sys/vnnlib/lindex_10000.vnnlib,.799144773,prepare_instance_error_1,-1
nn4sys,vnncomp2022/benchmarks/nn4sys/onnx/lindex_deep.onnx,vnncomp2022/benchmarks/nn4sys/vnnlib/lindex_10000.vnnlib,1.181375188,prepare_instance_error_1,-1
nn4sys,vnncomp2022/benchmarks/nn4sys/onnx/lindex.onnx,vnncomp2022/benchmarks/nn4sys/vnnlib/lindex_60000.vnnlib,.837190654,prepare_instance_error_1,-1
nn4sys,vnncomp2022/benchmarks/nn4sys/onnx/lindex_deep.onnx,vnncomp2022/benchmarks/nn4sys/vnnlib/lindex_60000.vnnlib,1.136504729,prepare_instance_error_1,-1
nn4sys,vnncomp2022/benchmarks/nn4sys/onnx/mscn_128d.onnx,vnncomp2022/benchmarks/nn4sys/vnnlib/cardinality_0_1_128.vnnlib,.564410815,prepare_instance_error_1,-1
nn4sys,vnncomp2022/benchmarks/nn4sys/onnx/mscn_128d.onnx,vnncomp2022/benchmarks/nn4sys/vnnlib/cardinality_0_500_128.vnnlib,.557948843,prepare_instance_error_1,-1
nn4sys,vnncomp2022/benchmarks/nn4sys/onnx/mscn_128d.onnx,vnncomp2022/benchmarks/nn4sys/vnnlib/cardinality_0_750_128.vnnlib,.540391264,prepare_instance_error_1,-1
nn4sys,vnncomp2022/benchmarks/nn4sys/onnx/mscn_128d.onnx,vnncomp2022/benchmarks/nn4sys/vnnlib/cardinality_0_1000_128.vnnlib,.540509726,prepare_instance_error_1,-1
nn4sys,vnncomp2022/benchmarks/nn4sys/onnx/mscn_128d.onnx,vnncomp2022/benchmarks/nn4sys/vnnlib/cardinality_0_2120_128.vnnlib,.520807636,prepare_instance_error_1,-1
nn4sys,vnncomp2022/benchmarks/nn4sys/onnx/mscn_128d.onnx,vnncomp2022/benchmarks/nn4sys/vnnlib/cardinality_0_2680_128.vnnlib,.546694064,prepare_instance_error_1,-1
nn4sys,vnncomp2022/benchmarks/nn4sys/onnx/mscn_128d.onnx,vnncomp2022/benchmarks/nn4sys/vnnlib/cardinality_0_3240_128.vnnlib,.558546892,prepare_instance_error_1,-1
nn4sys,vnncomp2022/benchmarks/nn4sys/onnx/mscn_128d.onnx,vnncomp2022/benchmarks/nn4sys/vnnlib/cardinality_0_3800_128.vnnlib,.521617537,prepare_instance_error_1,-1
nn4sys,vnncomp2022/benchmarks/nn4sys/onnx/mscn_128d_dual.onnx,vnncomp2022/benchmarks/nn4sys/vnnlib/cardinality_1_1_128_dual.vnnlib,.601655356,prepare_instance_error_1,-1
nn4sys,vnncomp2022/benchmarks/nn4sys/onnx/mscn_128d_dual.onnx,vnncomp2022/benchmarks/nn4sys/vnnlib/cardinality_1_240_128_dual.vnnlib,.545152482,prepare_instance_error_1,-1
nn4sys,vnncomp2022/benchmarks/nn4sys/onnx/mscn_128d_dual.onnx,vnncomp2022/benchmarks/nn4sys/vnnlib/cardinality_1_360_128_dual.vnnlib,.557211064,prepare_instance_error_1,-1
nn4sys,vnncomp2022/benchmarks/nn4sys/onnx/mscn_128d_dual.onnx,vnncomp2022/benchmarks/nn4sys/vnnlib/cardinality_1_480_128_dual.vnnlib,.540651248,prepare_instance_error_1,-1
nn4sys,vnncomp2022/benchmarks/nn4sys/onnx/mscn_128d_dual.onnx,vnncomp2022/benchmarks/nn4sys/vnnlib/cardinality_1_600_128_dual.vnnlib,.549257301,prepare_instance_error_1,-1
nn4sys,vnncomp2022/benchmarks/nn4sys/onnx/mscn_128d_dual.onnx,vnncomp2022/benchmarks/nn4sys/vnnlib/cardinality_1_720_128_dual.vnnlib,.558677954,prepare_instance_error_1,-1
nn4sys,vnncomp2022/benchmarks/nn4sys/onnx/mscn_128d_dual.onnx,vnncomp2022/benchmarks/nn4sys/vnnlib/cardinality_1_840_128_dual.vnnlib,.521962483,prepare_instance_error_1,-1
nn4sys,vnncomp2022/benchmarks/nn4sys/onnx/mscn_128d_dual.onnx,vnncomp2022/benchmarks/nn4sys/vnnlib/cardinality_1_960_128_dual.vnnlib,.531201444,prepare_instance_error_1,-1
nn4sys,vnncomp2022/benchmarks/nn4sys/onnx/mscn_128d_dual.onnx,vnncomp2022/benchmarks/nn4sys/vnnlib/cardinality_1_2260_128_dual.vnnlib,.532736136,prepare_instance_error_1,-1
nn4sys,vnncomp2022/benchmarks/nn4sys/onnx/mscn_128d_dual.onnx,vnncomp2022/benchmarks/nn4sys/vnnlib/cardinality_1_2890_128_dual.vnnlib,.537347622,prepare_instance_error_1,-1
nn4sys,vnncomp2022/benchmarks/nn4sys/onnx/mscn_128d_dual.onnx,vnncomp2022/benchmarks/nn4sys/vnnlib/cardinality_1_3520_128_dual.vnnlib,.530460944,prepare_instance_error_1,-1
nn4sys,vnncomp2022/benchmarks/nn4sys/onnx/mscn_128d_dual.onnx,vnncomp2022/benchmarks/nn4sys/vnnlib/cardinality_1_4150_128_dual.vnnlib,.544314341,prepare_instance_error_1,-1
nn4sys,vnncomp2022/benchmarks/nn4sys/onnx/mscn_128d_dual.onnx,vnncomp2022/benchmarks/nn4sys/vnnlib/cardinality_1_4780_128_dual.vnnlib,.544040918,prepare_instance_error_1,-1
nn4sys,vnncomp2022/benchmarks/nn4sys/onnx/mscn_128d_dual.onnx,vnncomp2022/benchmarks/nn4sys/vnnlib/cardinality_1_5410_128_dual.vnnlib,.551538834,prepare_instance_error_1,-1
nn4sys,vnncomp2022/benchmarks/nn4sys/onnx/mscn_128d_dual.onnx,vnncomp2022/benchmarks/nn4sys/vnnlib/cardinality_1_6040_128_dual.vnnlib,.538908574,prepare_instance_error_1,-1
nn4sys,vnncomp2022/benchmarks/nn4sys/onnx/mscn_128d_dual.onnx,vnncomp2022/benchmarks/nn4sys/vnnlib/cardinality_1_6670_128_dual.vnnlib,.525268920,prepare_instance_error_1,-1
nn4sys,vnncomp2022/benchmarks/nn4sys/onnx/mscn_128d_dual.onnx,vnncomp2022/benchmarks/nn4sys/vnnlib/cardinality_1_7300_128_dual.vnnlib,.541272499,prepare_instance_error_1,-1
nn4sys,vnncomp2022/benchmarks/nn4sys/onnx/mscn_128d_dual.onnx,vnncomp2022/benchmarks/nn4sys/vnnlib/cardinality_1_7930_128_dual.vnnlib,.535735179,prepare_instance_error_1,-1
nn4sys,vnncomp2022/benchmarks/nn4sys/onnx/mscn_128d_dual.onnx,vnncomp2022/benchmarks/nn4sys/vnnlib/cardinality_1_8560_128_dual.vnnlib,.549146251,prepare_instance_error_1,-1
nn4sys,vnncomp2022/benchmarks/nn4sys/onnx/mscn_128d_dual.onnx,vnncomp2022/benchmarks/nn4sys/vnnlib/cardinality_1_9190_128_dual.vnnlib,.521798622,prepare_instance_error_1,-1
nn4sys,vnncomp2022/benchmarks/nn4sys/onnx/mscn_128d_dual.onnx,vnncomp2022/benchmarks/nn4sys/vnnlib/cardinality_1_9820_128_dual.vnnlib,.550894405,prepare_instance_error_1,-1
nn4sys,vnncomp2022/benchmarks/nn4sys/onnx/mscn_128d_dual.onnx,vnncomp2022/benchmarks/nn4sys/vnnlib/cardinality_1_10450_128_dual.vnnlib,.525468402,prepare_instance_error_1,-1
nn4sys,vnncomp2022/benchmarks/nn4sys/onnx/mscn_128d_dual.onnx,vnncomp2022/benchmarks/nn4sys/vnnlib/cardinality_1_11080_128_dual.vnnlib,.571629341,prepare_instance_error_1,-1
nn4sys,vnncomp2022/benchmarks/nn4sys/onnx/mscn_2048d.onnx,vnncomp2022/benchmarks/nn4sys/vnnlib/cardinality_0_1_2048.vnnlib,.455789363,prepare_instance_error_1,-1
nn4sys,vnncomp2022/benchmarks/nn4sys/onnx/mscn_2048d.onnx,vnncomp2022/benchmarks/nn4sys/vnnlib/cardinality_0_500_2048.vnnlib,.463016424,prepare_instance_error_1,-1
nn4sys,vnncomp2022/benchmarks/nn4sys/onnx/mscn_2048d.onnx,vnncomp2022/benchmarks/nn4sys/vnnlib/cardinality_0_750_2048.vnnlib,.459530046,prepare_instance_error_1,-1
nn4sys,vnncomp2022/benchmarks/nn4sys/onnx/mscn_2048d.onnx,vnncomp2022/benchmarks/nn4sys/vnnlib/cardinality_0_1000_2048.vnnlib,.475039767,prepare_instance_error_1,-1
nn4sys,vnncomp2022/benchmarks/nn4sys/onnx/mscn_2048d.onnx,vnncomp2022/benchmarks/nn4sys/vnnlib/cardinality_0_2120_2048.vnnlib,.461962401,prepare_instance_error_1,-1
nn4sys,vnncomp2022/benchmarks/nn4sys/onnx/mscn_2048d.onnx,vnncomp2022/benchmarks/nn4sys/vnnlib/cardinality_0_2680_2048.vnnlib,.462808643,prepare_instance_error_1,-1
nn4sys,vnncomp2022/benchmarks/nn4sys/onnx/mscn_2048d.onnx,vnncomp2022/benchmarks/nn4sys/vnnlib/cardinality_0_3240_2048.vnnlib,.471486567,prepare_instance_error_1,-1
nn4sys,vnncomp2022/benchmarks/nn4sys/onnx/mscn_2048d.onnx,vnncomp2022/benchmarks/nn4sys/vnnlib/cardinality_0_3800_2048.vnnlib,.454624127,prepare_instance_error_1,-1
nn4sys,vnncomp2022/benchmarks/nn4sys/onnx/mscn_2048d.onnx,vnncomp2022/benchmarks/nn4sys/vnnlib/cardinality_0_4360_2048.vnnlib,.460089914,prepare_instance_error_1,-1
nn4sys,vnncomp2022/benchmarks/nn4sys/onnx/mscn_2048d.onnx,vnncomp2022/benchmarks/nn4sys/vnnlib/cardinality_0_4920_2048.vnnlib,.450209834,prepare_instance_error_1,-1
nn4sys,vnncomp2022/benchmarks/nn4sys/onnx/mscn_2048d.onnx,vnncomp2022/benchmarks/nn4sys/vnnlib/cardinality_0_5480_2048.vnnlib,.452504747,prepare_instance_error_1,-1
nn4sys,vnncomp2022/benchmarks/nn4sys/onnx/mscn_2048d_dual.onnx,vnncomp2022/benchmarks/nn4sys/vnnlib/cardinality_1_1_2048_dual.vnnlib,.454201740,prepare_instance_error_1,-1
nn4sys,vnncomp2022/benchmarks/nn4sys/onnx/mscn_2048d_dual.onnx,vnncomp2022/benchmarks/nn4sys/vnnlib/cardinality_1_240_2048_dual.vnnlib,.456996220,prepare_instance_error_1,-1
nn4sys,vnncomp2022/benchmarks/nn4sys/onnx/mscn_2048d_dual.onnx,vnncomp2022/benchmarks/nn4sys/vnnlib/cardinality_1_360_2048_dual.vnnlib,.469841193,prepare_instance_error_1,-1
nn4sys,vnncomp2022/benchmarks/nn4sys/onnx/mscn_2048d_dual.onnx,vnncomp2022/benchmarks/nn4sys/vnnlib/cardinality_1_480_2048_dual.vnnlib,.457003651,prepare_instance_error_1,-1
nn4sys,vnncomp2022/benchmarks/nn4sys/onnx/mscn_2048d_dual.onnx,vnncomp2022/benchmarks/nn4sys/vnnlib/cardinality_1_600_2048_dual.vnnlib,.446450091,prepare_instance_error_1,-1
nn4sys,vnncomp2022/benchmarks/nn4sys/onnx/mscn_2048d_dual.onnx,vnncomp2022/benchmarks/nn4sys/vnnlib/cardinality_1_720_2048_dual.vnnlib,.455678362,prepare_instance_error_1,-1
nn4sys,vnncomp2022/benchmarks/nn4sys/onnx/mscn_2048d_dual.onnx,vnncomp2022/benchmarks/nn4sys/vnnlib/cardinality_1_840_2048_dual.vnnlib,.450199833,prepare_instance_error_1,-1
nn4sys,vnncomp2022/benchmarks/nn4sys/onnx/mscn_2048d_dual.onnx,vnncomp2022/benchmarks/nn4sys/vnnlib/cardinality_1_960_2048_dual.vnnlib,.473319362,prepare_instance_error_1,-1
nn4sys,vnncomp2022/benchmarks/nn4sys/onnx/mscn_2048d_dual.onnx,vnncomp2022/benchmarks/nn4sys/vnnlib/cardinality_1_2260_2048_dual.vnnlib,.451998128,prepare_instance_error_1,-1
nn4sys,vnncomp2022/benchmarks/nn4sys/onnx/mscn_2048d_dual.onnx,vnncomp2022/benchmarks/nn4sys/vnnlib/cardinality_1_2890_2048_dual.vnnlib,.453319208,prepare_instance_error_1,-1
nn4sys,vnncomp2022/benchmarks/nn4sys/onnx/mscn_2048d_dual.onnx,vnncomp2022/benchmarks/nn4sys/vnnlib/cardinality_1_3520_2048_dual.vnnlib,.444940060,prepare_instance_error_1,-1
nn4sys,vnncomp2022/benchmarks/nn4sys/onnx/mscn_2048d_dual.onnx,vnncomp2022/benchmarks/nn4sys/vnnlib/cardinality_1_4150_2048_dual.vnnlib,.453567952,prepare_instance_error_1,-1
nn4sys,vnncomp2022/benchmarks/nn4sys/onnx/mscn_2048d_dual.onnx,vnncomp2022/benchmarks/nn4sys/vnnlib/cardinality_1_4780_2048_dual.vnnlib,.443066613,prepare_instance_error_1,-1
nn4sys,vnncomp2022/benchmarks/nn4sys/onnx/mscn_2048d_dual.onnx,vnncomp2022/benchmarks/nn4sys/vnnlib/cardinality_1_5410_2048_dual.vnnlib,.449528405,prepare_instance_error_1,-1
nn4sys,vnncomp2022/benchmarks/nn4sys/onnx/mscn_2048d_dual.onnx,vnncomp2022/benchmarks/nn4sys/vnnlib/cardinality_1_6040_2048_dual.vnnlib,.456393722,prepare_instance_error_1,-1
nn4sys,vnncomp2022/benchmarks/nn4sys/onnx/mscn_2048d_dual.onnx,vnncomp2022/benchmarks/nn4sys/vnnlib/cardinality_1_6670_2048_dual.vnnlib,.469720552,prepare_instance_error_1,-1
nn4sys,vnncomp2022/benchmarks/nn4sys/onnx/mscn_2048d_dual.onnx,vnncomp2022/benchmarks/nn4sys/vnnlib/cardinality_1_7300_2048_dual.vnnlib,.452635219,prepare_instance_error_1,-1
nn4sys,vnncomp2022/benchmarks/nn4sys/onnx/mscn_2048d_dual.onnx,vnncomp2022/benchmarks/nn4sys/vnnlib/cardinality_1_7930_2048_dual.vnnlib,.447635608,prepare_instance_error_1,-1
nn4sys,vnncomp2022/benchmarks/nn4sys/onnx/mscn_2048d_dual.onnx,vnncomp2022/benchmarks/nn4sys/vnnlib/cardinality_1_8560_2048_dual.vnnlib,.458434422,prepare_instance_error_1,-1
nn4sys,vnncomp2022/benchmarks/nn4sys/onnx/mscn_2048d_dual.onnx,vnncomp2022/benchmarks/nn4sys/vnnlib/cardinality_1_9190_2048_dual.vnnlib,.453689914,prepare_instance_error_1,-1
nn4sys,vnncomp2022/benchmarks/nn4sys/onnx/mscn_2048d_dual.onnx,vnncomp2022/benchmarks/nn4sys/vnnlib/cardinality_1_9820_2048_dual.vnnlib,.450221505,prepare_instance_error_1,-1
nn4sys,vnncomp2022/benchmarks/nn4sys/onnx/mscn_2048d_dual.onnx,vnncomp2022/benchmarks/nn4sys/vnnlib/cardinality_1_10450_2048_dual.vnnlib,.450136694,prepare_instance_error_1,-1
nn4sys,vnncomp2022/benchmarks/nn4sys/onnx/mscn_2048d_dual.onnx,vnncomp2022/benchmarks/nn4sys/vnnlib/cardinality_1_11080_2048_dual.vnnlib,.447722618,prepare_instance_error_1,-1
nn4sys,vnncomp2022/benchmarks/test/test_nano.onnx,vnncomp2022/benchmarks/test/test_nano.vnnlib,.458870977,prepare_instance_error_1,-1
